<?xml version="1.0" encoding="UTF-8"?>
<TrackingData>
	<Sensors>
		<Sensor Subtype="FAST" Type="FeatureBasedSensorSource">
			<SensorID>FeatureBasedSensorSource_0</SensorID>
			<Parameters/>
			<SensorCOS>
				<SensorCosID>131e4eb1001887b3dc35ae0abdebd9d6</SensorCosID>
				<Parameters>
					<SimilarityThreshold>0.7</SimilarityThreshold>
					<!--	Small scale version of the original image. Note that 
							some image information was extracted and is stored 
							separately in the file specified in below <Map> tag. -->
					<ReferenceImage HeightMM="815" WidthMM="781">131e4eb1001887b3dc35ae0abdebd9d6.pgm</ReferenceImage>
					<!--	Reference to a map file that contains precomputed 
							features for the target to be tracked. This ensures 
							smaller TrackingData size and faster SDK 
							initialization. -->
					<Map>131e4eb1001887b3dc35ae0abdebd9d6.f2b</Map>
				</Parameters>
			</SensorCOS>
		</Sensor>
	</Sensors>
	<Connections>
		<COS>
			<Name>ILoveAR_1</Name>
			<Fuser Type="SmoothingFuser">
				<Parameters>
					<AlphaRotation>0.5</AlphaRotation>
					<AlphaTranslation>0.8</AlphaTranslation>
					<GammaRotation>0.5</GammaRotation>
					<GammaTranslation>0.8</GammaTranslation>
					<KeepPoseForNumberOfFrames>0</KeepPoseForNumberOfFrames>
				</Parameters>
			</Fuser>
			<SensorSource Trigger="1">
				<SensorID>FeatureBasedSensorSource_0</SensorID>
				<SensorCosID>131e4eb1001887b3dc35ae0abdebd9d6</SensorCosID>
				<HandEyeCalibration>
					<TranslationOffset>
						<X>0</X>
						<Y>0</Y>
						<Z>0</Z>
					</TranslationOffset>
					<RotationOffset>
						<X>0</X>
						<Y>0</Y>
						<Z>0</Z>
						<W>1</W>
					</RotationOffset>
				</HandEyeCalibration>
				<COSOffset>
					<TranslationOffset>
						<X>0</X>
						<Y>0</Y>
						<Z>0</Z>
					</TranslationOffset>
					<RotationOffset>
						<X>0</X>
						<Y>0</Y>
						<Z>0</Z>
						<W>1</W>
					</RotationOffset>
				</COSOffset>
			</SensorSource>
		</COS>
	</Connections>
</TrackingData>
