<?xml version="1.0" encoding="UTF-8"?>
<TrackingData>
	<Sensors>
		<Sensor Subtype="FAST" Type="FeatureBasedSensorSource">
			<SensorID>FeatureBasedSensorSource_0</SensorID>
			<Parameters/>
			<SensorCOS>
				<SensorCosID>62f5e672d4e254cd2d0a4d82e62b2531</SensorCosID>
				<Parameters>
					<SimilarityThreshold>0.7</SimilarityThreshold>
					<!--	Small scale version of the original image. Note that 
							some image information was extracted and is stored 
							separately in the file specified in below <Map> tag. -->
					<ReferenceImage HeightMM="563" WidthMM="819">62f5e672d4e254cd2d0a4d82e62b2531.pgm</ReferenceImage>
					<!--	Reference to a map file that contains precomputed 
							features for the target to be tracked. This ensures 
							smaller TrackingData size and faster SDK 
							initialization. -->
					<Map>62f5e672d4e254cd2d0a4d82e62b2531.f2b</Map>
				</Parameters>
			</SensorCOS>
			<SensorCOS>
				<SensorCosID>44f2b02eab4574d20b909d14c8f33273</SensorCosID>
				<Parameters>
					<SimilarityThreshold>0.7</SimilarityThreshold>
					<!--	Small scale version of the original image. Note that 
							some image information was extracted and is stored 
							separately in the file specified in below <Map> tag. -->
					<ReferenceImage HeightMM="563" WidthMM="819">44f2b02eab4574d20b909d14c8f33273.pgm</ReferenceImage>
					<!--	Reference to a map file that contains precomputed 
							features for the target to be tracked. This ensures 
							smaller TrackingData size and faster SDK 
							initialization. -->
					<Map>44f2b02eab4574d20b909d14c8f33273.f2b</Map>
				</Parameters>
			</SensorCOS>
			<SensorCOS>
				<SensorCosID>4c62e14bd51fba1a1e069a1d9a592eb4</SensorCosID>
				<Parameters>
					<SimilarityThreshold>0.7</SimilarityThreshold>
					<!--	Small scale version of the original image. Note that 
							some image information was extracted and is stored 
							separately in the file specified in below <Map> tag. -->
					<ReferenceImage HeightMM="563" WidthMM="819">4c62e14bd51fba1a1e069a1d9a592eb4.pgm</ReferenceImage>
					<!--	Reference to a map file that contains precomputed 
							features for the target to be tracked. This ensures 
							smaller TrackingData size and faster SDK 
							initialization. -->
					<Map>4c62e14bd51fba1a1e069a1d9a592eb4.f2b</Map>
				</Parameters>
			</SensorCOS>
		</Sensor>
	</Sensors>
	<Connections>
		<COS>
			<Name>TableIkeaForme2_1</Name>
			<Fuser Type="SmoothingFuser">
				<Parameters>
					<AlphaRotation>0.5</AlphaRotation>
					<AlphaTranslation>0.8</AlphaTranslation>
					<GammaRotation>0.5</GammaRotation>
					<GammaTranslation>0.8</GammaTranslation>
					<KeepPoseForNumberOfFrames>0</KeepPoseForNumberOfFrames>
				</Parameters>
			</Fuser>
			<SensorSource Trigger="1">
				<SensorID>FeatureBasedSensorSource_0</SensorID>
				<SensorCosID>62f5e672d4e254cd2d0a4d82e62b2531</SensorCosID>
				<HandEyeCalibration>
					<TranslationOffset>
						<X>0</X>
						<Y>0</Y>
						<Z>0</Z>
					</TranslationOffset>
					<RotationOffset>
						<X>0</X>
						<Y>0</Y>
						<Z>0</Z>
						<W>1</W>
					</RotationOffset>
				</HandEyeCalibration>
				<COSOffset>
					<TranslationOffset>
						<X>0</X>
						<Y>0</Y>
						<Z>0</Z>
					</TranslationOffset>
					<RotationOffset>
						<X>0</X>
						<Y>0</Y>
						<Z>0</Z>
						<W>1</W>
					</RotationOffset>
				</COSOffset>
			</SensorSource>
		</COS>
		<COS>
			<Name>tableikea_2</Name>
			<Fuser Type="SmoothingFuser">
				<Parameters>
					<AlphaRotation>0.5</AlphaRotation>
					<AlphaTranslation>0.8</AlphaTranslation>
					<GammaRotation>0.5</GammaRotation>
					<GammaTranslation>0.8</GammaTranslation>
					<KeepPoseForNumberOfFrames>0</KeepPoseForNumberOfFrames>
				</Parameters>
			</Fuser>
			<SensorSource Trigger="1">
				<SensorID>FeatureBasedSensorSource_0</SensorID>
				<SensorCosID>44f2b02eab4574d20b909d14c8f33273</SensorCosID>
				<HandEyeCalibration>
					<TranslationOffset>
						<X>0</X>
						<Y>0</Y>
						<Z>0</Z>
					</TranslationOffset>
					<RotationOffset>
						<X>0</X>
						<Y>0</Y>
						<Z>0</Z>
						<W>1</W>
					</RotationOffset>
				</HandEyeCalibration>
				<COSOffset>
					<TranslationOffset>
						<X>0</X>
						<Y>0</Y>
						<Z>0</Z>
					</TranslationOffset>
					<RotationOffset>
						<X>0</X>
						<Y>0</Y>
						<Z>0</Z>
						<W>1</W>
					</RotationOffset>
				</COSOffset>
			</SensorSource>
		</COS>
		<COS>
			<Name>metaioman_1</Name>
			<Fuser Type="SmoothingFuser">
				<Parameters>
					<AlphaRotation>0.5</AlphaRotation>
					<AlphaTranslation>0.8</AlphaTranslation>
					<GammaRotation>0.5</GammaRotation>
					<GammaTranslation>0.8</GammaTranslation>
					<KeepPoseForNumberOfFrames>0</KeepPoseForNumberOfFrames>
				</Parameters>
			</Fuser>
			<SensorSource Trigger="1">
				<SensorID>FeatureBasedSensorSource_0</SensorID>
				<SensorCosID>4c62e14bd51fba1a1e069a1d9a592eb4</SensorCosID>
				<HandEyeCalibration>
					<TranslationOffset>
						<X>0</X>
						<Y>0</Y>
						<Z>0</Z>
					</TranslationOffset>
					<RotationOffset>
						<X>0</X>
						<Y>0</Y>
						<Z>0</Z>
						<W>1</W>
					</RotationOffset>
				</HandEyeCalibration>
				<COSOffset>
					<TranslationOffset>
						<X>0</X>
						<Y>0</Y>
						<Z>0</Z>
					</TranslationOffset>
					<RotationOffset>
						<X>0</X>
						<Y>0</Y>
						<Z>0</Z>
						<W>1</W>
					</RotationOffset>
				</COSOffset>
			</SensorSource>
		</COS>
	</Connections>
</TrackingData>
